SNP,Gene,Correlation
rs1002,GENE_02,0.9658717736229702
rs1004,GENE_04,0.9633472801047702
rs1001,GENE_01,0.9608821833927841
rs1000,GENE_00,0.9597808225456959
rs1003,GENE_03,0.944093527101486
